protVar	Clinical Significance	clinicalSignificanceLOVD	significanceValueLOVD	associatedDisease
p.Pro1859Arg	Benign/Likely Benign/Uncertain Significance	Uncertain significance	3	
p.Ser1841Arg	Likely Pathogenic	Likely pathogenic	4	Hereditary Breast and Ovarian Cancer
p.Trp1837Gly	Likely Pathogenic	Likely pathogenic	4	Hereditary Breast and Ovarian Cancer
p.Glu1836Lys	Uncertain Significance	Uncertain significance	3	
p.Val1833Met	Likely Pathogenic	Likely pathogenic	4	Hereditary Breast and Ovarian Cancer
p.Val1804Asp	Likely Benign	Likely bengin	2	
p.Leu1786Pro	Uncertain Significance	Uncertain significance	3	
p.Met1783Thr	Uncertain Significance	Uncertain significance	3	Hereditary Breast and Ovarian Cancer
p.Met1783Leu	Uncertain Significance	Uncertain significance	3	
p.Asp1778Gly	Likely Benign	Likely bengin	2	
p.Pro1776His	Uncertain Significance	Uncertain significance	3	
p.Met1775Arg	Likely Pathogenic/Pathogenic	Pathogenic	5	Hereditary Breast and Ovarian Cancer
p.Met1775Lys	Pathogenic	Pathogenic	5	Hereditary Breast and Ovarian Cancer
p.Gly1770Val	Likely Pathogenic	Likely pathogenic	4	Hereditary Breast and Ovarian Cancer
p.Tyr1769Cys	Uncertain Significance	Uncertain significance	3	
p.Ile1766Ser	Pathogenic	Pathogenic	5	Hereditary Breast and Ovarian Cancer
p.Glu1754Lys	Uncertain Significance	Uncertain significance	3	
p.Arg1751Gln	Benign/Likely Benign/Uncertain Significance	Uncertain significance	3	
p.Arg1751Gly	Uncertain Significance	Uncertain significance	3	Hereditary Breast and Ovarian Cancer
p.His1746Tyr	Uncertain Significance	Uncertain significance	3	
p.Asp1739Gly	Uncertain Significance	Uncertain significance	3	
p.Gly1738Arg	Pathogenic	Pathogenic	5	Hereditary Breast and Ovarian Cancer
p.Val1736Ala	Likely Pathogenic/Pathogenic	Pathogenic	5	Hereditary Breast and Ovarian Cancer
p.Asn1751Ser	Benign	Benign	1	
p.Ser1722Phe	Likely Pathogenic	Likely pathogenic	4	Hereditary Breast and Ovarian Cancer
p.Thr1720Ala	Likely Benign	Likely bengin	2	
p.Gly1709Glu	Uncertain Significance	Uncertain significance	3	
p.Ala1708Val	Uncertain Significance	Uncertain significance	3	
p.Ala1708Glu	Pathogenic	Pathogenic	5	Hereditary Breast and Ovarian Cancer
p.Gly1706Ala	Likely Benign/Benign	Benign	1	
p.Gly1706Arg	Likely Pathogenic	Likely pathogenic	4	Hereditary Breast and Ovarian Cancer
p.Arg1699Gln	Likely Pathogenic/Pathogenic	Pathogenic	5	Hereditary Breast and Ovarian Cancer
p.Arg1699Trp	Pathogenic	Pathogenic	5	Hereditary Breast and Ovarian Cancer
p.Cys1697Tyr	Uncertain Significance	Uncertain significance	3	
p.Asp1692Ala	Uncertain Significance	Uncertain significance	3	
p.Asp1692His	Pathogenic	Pathogenic	5	Hereditary Breast and Ovarian Cancer
p.Asp1692Asn	Likely Pathogenic	Likely pathogenic	4	Hereditary Breast and Ovarian Cancer
p.Lys1690Gln	Uncertain Significance	Uncertain significance	3	
p.Met1689Arg	Pathogenic	Pathogenic	5	Hereditary Breast and Ovarian Cancer
p.Met1689Thr	Uncertain Significance	Uncertain significance	3	Hereditary Breast and Ovarian Cancer
p.Val1687Gly	Uncertain Significance	Uncertain significance	3	
p.Thr1681Ile	Uncertain Significance	Uncertain significance	3	
p.Ala1669Ser	Likely Benign	Likely bengin	2	
p.Met1652Ile	Benign	Benign	1	
p.Met1652Lys	Uncertain Significance	Uncertain significance	3	
p.Arg1645Ser	Uncertain Significance	Uncertain significance	3	
p.Arg1645Thr	Likely Benign	Likely bengin	2	
p.Met1628Thr	Benign	Benign	1	
p.Met1628Val	Likely Benign	Likely bengin	2	
p.Ala1623Gly	Discordant	Uncertain significance	3	
p.Ala1615Thr	Uncertain Significance	Uncertain significance	3	
p.Ser1613Gly	Benign	Benign	1	
p.Lys1606Glu	Benign/Likely Benign/Uncertain Significance	Uncertain significance	3	
p.Asn1592Lys	Uncertain Significance	Uncertain significance	3	
p.Asn1613Asp	Benign	Benign	1	
p.Thr1561Ile	Likely Benign	Likely bengin	2	
p.Tyr1552His	Uncertain Significance	Uncertain significance	3	
p.Asp1546Asn	Benign	Benign	1	
p.Val1534Met	Benign	Benign	1	
p.Ser1512Ile	Benign	Benign	1	
p.Arg1495Met	Pathogenic	Pathogenic	5	Hereditary Breast and Ovarian Cancer
p.Ala1481Thr	Uncertain Significance	Uncertain significance	3	
p.Val1454Ile	Uncertain Significance	Uncertain significance	3	
p.Glu1440Gln	Uncertain Significance	Uncertain significance	3	
p.Glu1419Gln	Likely Benign	Likely bengin	2	
p.Cys1382Ser	Uncertain Significance	Uncertain significance	3	
p.Val1378Ile	Uncertain Significance	Uncertain significance	3	
p.Thr1376Arg	Uncertain Significance	Uncertain significance	3	
p.Cys1372Tyr	Benign/Likely Benign/Uncertain Significance	Uncertain significance	3	
p.Ser1363Leu	Uncertain Significance	Uncertain significance	3	
p.Met1361Ile	Uncertain Significance	Uncertain significance	3	
p.Glu1358Gly	Uncertain Significance	Uncertain significance	3	
p.Thr1349Met	Uncertain Significance	Uncertain significance	3	
p.Arg1347Gly	Benign	Benign	1	
p.Ile1275Val	Benign/Likely Benign/Uncertain Significance	Uncertain significance	3	
p.Cys1270Tyr	Uncertain Significance	Uncertain significance	3	
p.Ser1253Cys	Uncertain Significance	Uncertain significance	3	
p.Glu1250Lys	Likely Benign	Likely bengin	2	
p.Val1247Ile	Uncertain Significance	Uncertain significance	3	
p.Thr1246Asn	Uncertain Significance	Uncertain significance	3	
p.Pro1238Leu	Benign	Benign	1	
p.Ile1237Met	Uncertain Significance	Uncertain significance	3	
p.Asn1236Lys	Benign/Likely Benign/Uncertain Significance	Uncertain significance	3	
p.Glu1219Lys	Uncertain Significance	Uncertain significance	3	
p.Glu1214Lys	Likely Benign/Benign	Benign	1	
p.Gln1200His	Benign	Benign	1	
p.Thr1194Ile	Uncertain Significance	Uncertain significance	3	
p.Glu1185Asp	Uncertain Significance	Uncertain significance	3	
p.Lys1183Arg	Benign	Benign	1	
p.Val1181Ile	Uncertain Significance	Uncertain significance	3	
p.Asp1152Asn	Uncertain Significance	Uncertain significance	3	
p.Pro1150Ser	Uncertain Significance	Uncertain significance	3	
p.Ser1140Gly	Likely Benign/Benign	Benign	1	
p.Ser1139Ile	Uncertain Significance	Uncertain significance	3	
p.Ser1125Tyr	Uncertain Significance	Uncertain significance	3	
p.Lys1109Asn	Benign/Likely Benign/Uncertain Significance	Uncertain significance	3	
p.Ser1101Asn	Benign	Benign	1	
p.Met1083Val	Uncertain Significance	Uncertain significance	3	
p.Arg1074Gly	Uncertain Significance	Uncertain significance	3	
p.Glu1060Ala	Likely Benign	Likely bengin	2	
p.Asn1052Ser	Uncertain Significance	Uncertain significance	3	
p.Ile1044Val	Likely Benign	Likely bengin	2	
p.Ser1040Asn	Benign	Benign	1	
p.Glu1038Gly	Benign	Benign	1	
p.Glu1038Ala	Likely Benign	Likely bengin	2	
p.Arg1028His	Benign	Benign	1	
p.Ile1026Met	Uncertain Significance	Uncertain significance	3	Hereditary Breast and Ovarian Cancer
p.Glu1013Lys	Uncertain Significance	Uncertain significance	3	
p.Met1008Ile	Likely Benign	Likely bengin	2	
p.Met1008Val	Benign	Benign	1	
p.Tyr978Cys	Uncertain Significance	Uncertain significance	3	
p.Pro977Leu	Uncertain Significance	Uncertain significance	3	Hereditary Breast and Ovarian Cancer
p.Val931Leu	Uncertain Significance	Uncertain significance	3	
p.Ile925Leu	Likely Benign	Likely bengin	2	
p.Gln921Arg	Uncertain Significance	Uncertain significance	3	
p.Gly890Val	Uncertain Significance	Uncertain significance	3	Hereditary Breast and Ovarian Cancer
p.Gly890Arg	Uncertain Significance	Uncertain significance	3	
p.His888Tyr	Uncertain Significance	Uncertain significance	3	
p.Ser886Cys	Uncertain Significance	Uncertain significance	3	
p.Pro871Leu	Benign	Benign	1	Hereditary Breast and Ovarian Cancer
p.Arg866Cys	Benign/Likely Benign/Uncertain Significance	Uncertain significance	3	
p.Lys862Glu	Likely Benign/Benign	Benign	1	
p.Tyr856His	Benign	Benign	1	
p.Glu842Gly	Uncertain Significance	Uncertain significance	3	
p.Arg841Gln	Likely Benign	Likely bengin	2	
p.Arg841Trp	Benign	Benign	1	
p.Thr826Lys	Likely Benign/Benign	Benign	1	
p.Lys820Glu	Benign	Benign	1	
p.Asn810Tyr	Uncertain Significance	Uncertain significance	3	
p.Glu809Gly	Uncertain Significance	Uncertain significance	3	
p.Thr790Ala	Uncertain Significance	Uncertain significance	3	Hereditary Breast and Ovarian Cancer
p.Ile783Val	Benign	Benign	1	
p.Val772Ala	Benign/Likely Benign/Uncertain Significance	Uncertain significance	3	
p.Arg762Ser	Uncertain Significance	Uncertain significance	3	
p.Asn723Asp	Likely Benign/Benign	Benign	1	
p.Asp695Tyr	Likely Benign	Likely bengin	2	
p.Asp693Asn	Benign	Benign	1	
p.Pro684Ser	Uncertain Significance	Uncertain significance	3	
p.Met669Thr	Uncertain Significance	Uncertain significance	3	
p.Leu668Phe	Likely Benign/Benign	Benign	1	
p.Met658Ile	Benign/Likely Benign/Uncertain Significance	Uncertain significance	3	
p.Ala622Val	Benign/Likely Benign/Uncertain Significance	Uncertain significance	3	
p.Ser616del	Benign/Likely Benign/Uncertain Significance	Uncertain significance	3	
p.Glu597Lys	Benign/Likely Benign/Uncertain Significance	Uncertain significance	3	
p.Ile591Val	Uncertain Significance	Uncertain significance	3	
p.Thr582Met	Uncertain Significance	Uncertain significance	3	
p.Pro568Leu	Uncertain Significance	Uncertain significance	3	
p.Asn550His	Likely Benign/Benign	Benign	1	
p.Asn533Ser	Uncertain Significance	Uncertain significance	3	
p.Val525Ile	Benign/Likely Benign/Uncertain Significance	Uncertain significance	3	
p.Leu512Phe	Benign/Likely Benign/Uncertain Significance	Uncertain significance	3	
p.Arg504Cys	Uncertain Significance	Uncertain significance	3	
p.Arg496His	Benign/Likely Benign/Uncertain Significance	Uncertain significance	3	
p.Arg496Cys	Likely Benign/Benign	Benign	1	
p.Phe486Leu	Likely Benign/Benign	Benign	1	
p.Leu481Val	Likely Benign	Likely bengin	2	
p.Ala469Thr	Uncertain Significance	Uncertain significance	3	
p.Arg466Gln	Uncertain Significance	Uncertain significance	3	
p.Arg466Trp	Likely Benign	Likely bengin	2	
p.Lys463Glu	Uncertain Significance	Uncertain significance	3	
p.Val419Leu	Uncertain Significance	Uncertain significance	3	
p.Ile379Met	Benign	Benign	1	
p.Asp369Asn	Uncertain Significance	Uncertain significance	3	
p.Gln356Arg	Benign	Benign	1	
p.Asn329Tyr	Uncertain Significance	Uncertain significance	3	
p.Ala322Thr	Uncertain Significance	Uncertain significance	3	
p.His318Gln	Uncertain Significance	Uncertain significance	3	
p.Ser316Gly	Benign/Likely Benign/Uncertain Significance	Uncertain significance	3	
p.Asp295Gly	Uncertain Significance	Uncertain significance	3	
p.Thr276Arg	Uncertain Significance	Uncertain significance	3	
p.Gly275Ser	Benign/Likely Benign/Uncertain Significance	Uncertain significance	3	
p.Val271Leu	Uncertain Significance	Uncertain significance	3	
p.Val271Met	Likely Benign	Likely bengin	2	
p.Leu246Val	Benign	Benign	1	
p.Asp245Tyr	Uncertain Significance	Uncertain significance	3	
p.Asp214Gly	Uncertain Significance	Uncertain significance	3	
p.Val191Ile	Likely Benign/Benign	Benign	1	
p.Ser186Tyr	Likely Benign	Likely bengin	2	
p.Gly183Arg	Uncertain Significance	Uncertain significance	3	
p.Tyr179Cys	Likely Benign/Benign	Benign	1	
p.Tyr179His	Uncertain Significance	Uncertain significance	3	
p.Gln155His	Uncertain Significance	Uncertain significance	3	
p.Gln155Glu	Benign	Benign	1	
p.Ser153Gly	Uncertain Significance	Uncertain significance	3	
p.Ser146Pro	Uncertain Significance	Uncertain significance	3	
p.Glu143Lys	Benign/Likely Benign/Uncertain Significance	Uncertain significance	3	
p.Pro142His	Likely Benign	Likely bengin	2	
p.Arg133His	Uncertain Significance	Uncertain significance	3	
p.Asn132Lys	Benign/Likely Benign/Uncertain Significance	Uncertain significance	3	
p.Tyr105Cys	Benign/Likely Benign/Uncertain Significance	Uncertain significance	3	
p.Ala102Gly	Uncertain Significance	Uncertain significance	3	
p.Arg71Lys	Pathogenic	Pathogenic	5	Hereditary Breast and Ovarian Cancer
p.Arg71Gly	Pathogenic	Pathogenic	5	Hereditary Breast and Ovarian Cancer
p.Asp67Tyr	Benign/Likely Benign/Uncertain Significance	Uncertain significance	3	
p.Cys64Tyr	Pathogenic	Pathogenic	5	Hereditary Breast and Ovarian Cancer
p.Cys61Gly	Pathogenic	Pathogenic	5	Hereditary Breast and Ovarian Cancer
p.Leu52Phe	Uncertain Significance	Uncertain significance	3	
p.Leu51Pro	Uncertain Significance	Uncertain significance	3	
p.Cys44Phe	Discordant	Uncertain significance	3	
p.Cys39Tyr	Likely Pathogenic/Pathogenic	Pathogenic	5	Hereditary Breast and Ovarian Cancer
p.Cys39Arg	Pathogenic	Pathogenic	5	Hereditary Breast and Ovarian Cancer
p.Glu33Gln	Uncertain Significance	Uncertain significance	3	Hereditary Breast and Ovarian Cancer
p.Met18Thr	Likely Pathogenic	Likely pathogenic	4	Hereditary Breast and Ovarian Cancer
p.Arg7Cys	Uncertain Significance	Uncertain significance	3	