Mutation Type	Nucleotide Change	protVar	Significance	clinicalSignificanceUtah	significanceValueUtah
Missense	c.53T>C	p.Met18Thr	4 - Likely pathogenic	Likely pathogenic	4
Missense	c.65T>C	p.Leu22Ser	5 - Definitely pathogenic	Pathogenic	5
Missense	c.110C>A	p.Thr37Lys	5 - Definitely pathogenic	Pathogenic	5
Missense	c.115T>C	p.Cys39Arg	5 - Definitely pathogenic	Pathogenic	5
Missense	c.122A>G	p.His41Arg	5 - Definitely pathogenic	Pathogenic	5
Missense	c.130T>A	p.Cys44Ser	5 - Definitely pathogenic	Pathogenic	5
Missense	c.131G>A	p.Cys44Tyr	5 - Definitely pathogenic	Pathogenic	5
Missense	c.133A>C	p.Lys45Gln	1 - Not pathogenic or of no clinical significance	Benign	1
Missense	c.181T>G	p.Cys61Gly	5 - Definitely pathogenic	Pathogenic	5
Missense	c.199G>T	p.Asp67Tyr	1 - Not pathogenic or of no clinical significance	Benign	1
Missense	c.314A>G	p.Tyr105Cys	1 - Not pathogenic or of no clinical significance	Benign	1
Missense	c.370A>G	p.Ile124Val	1 - Not pathogenic or of no clinical significance	Benign	1
Missense	c.380G>A	p.Ser127Asn	3 - Uncertain	Uncertain significance	3
Missense	c.396C>A	p.Asn132Lys	1 - Not pathogenic or of no clinical significance	Benign	1
Missense	c.425C>A	p.Pro142His	1 - Not pathogenic or of no clinical significance	Benign	1
Missense	c.427G>A	p.Glu143Lys	1 - Not pathogenic or of no clinical significance	Benign	1
Missense	c.463C>G	p.Gln155Glu	1 - Not pathogenic or of no clinical significance	Benign	1
Missense	c.536A>G	p.Try179Cys	1 - Not pathogenic or of no clinical significance	Benign	1
Missense	c.557C>A	p.Ser186Try	1 - Not pathogenic or of no clinical significance	Benign	1
Missense	c.571G>A	p.Val191Ile	1 - Not pathogenic or of no clinical significance	Benign	1
Missense	c.736T>G	p.Leu246Val	1 - Not pathogenic or of no clinical significance	Benign	1
Missense	c.839C>G	p.Ala280Gly	1 - Not pathogenic or of no clinical significance	Benign	1
Missense	c.891G>A	p.Met297Ile	1 - Not pathogenic or of no clinical significance	Benign	1
Missense	c.1001C>A	p.Pro334His	2 - Likely not pathogenic or of little clinical significance	Likely benign	2
Missense	c.1001C>T	p.Pro334Leu	1 - Not pathogenic or of no clinical significance	Benign	1
Missense	c.1067A>G	p.Gln356Arg	1 - Not pathogenic or of no clinical significance	Benign	1
Missense	c.1105G>A	p.Asp369Asn	1 - Not pathogenic or of no clinical significance	Benign	1
Missense	c.1258G>T	p.Asp420Tyr	2 - Likely not pathogenic or of little clinical significance	Likely benign	2
Missense	c.1418A>G	p.Asn473Ser	1 - Not pathogenic or of no clinical significance	Benign	1
Missense	c.1456T>C	p.Phe486Leu	1 - Not pathogenic or of no clinical significance	Benign	1
Missense	c.1486C>T	p.Arg496Cys	1 - Not pathogenic or of no clinical significance	Benign	1
Missense	c.1487G>A	p.Arg496His	1 - Not pathogenic or of no clinical significance	Benign	1
Missense	c.1511G>A	p.Arg504His	1 - Not pathogenic or of no clinical significance	Benign	1
Missense	c.1648A>C	p.Asn550His	1 - Not pathogenic or of no clinical significance	Benign	1
Missense	c.1789G>A	p.Glu597Lys	1 - Not pathogenic or of no clinical significance	Benign	1
Missense	c.1865C>T	p.Ala622Val	1 - Not pathogenic or of no clinical significance	Benign	1
Missense	c.1924G>C	p.Asp642His	1 - Not pathogenic or of no clinical significance	Benign	1
Missense	c.1960A>C	p.Lys654Gln	2 - Likely not pathogenic or of little clinical significance	Likely benign	2
Missense	c.2002C>T	p.Leu668Phe	1 - Not pathogenic or of no clinical significance	Benign	1
Missense	c.2077G>A	p.Asp693Asn	1 - Not pathogenic or of no clinical significance	Benign	1
Missense	c.2167A>G	p.Asn723Asp	1 - Not pathogenic or of no clinical significance	Benign	1
Missense	c.2207A>C	p.Glu736Ala	2 - Likely not pathogenic or of little clinical significance	Likely benign	2
Missense	c.2315T>C	p.Val772Ala	1 - Not pathogenic or of no clinical significance	Benign	1
Missense	c.2412G>C	p.Gln804His	1 - Not pathogenic or of no clinical significance	Benign	1
Missense	c.2428A>T	p.Asn810Tyr	1 - Not pathogenic or of no clinical significance	Benign	1
Missense	c.2458A>G	p.Lys820Glu	1 - Not pathogenic or of no clinical significance	Benign	1
Missense	c.2477C>A	p.Thr826Lys	1 - Not pathogenic or of no clinical significance	Benign	1
Missense	c.2521C>T	p.Arg841Trp	1 - Not pathogenic or of no clinical significance	Benign	1
Missense	c.2525A>G	p.Glu842Gly	1 - Not pathogenic or of no clinical significance	Benign	1
Missense	c.2566T>C	p.Tyr856His	1 - Not pathogenic or of no clinical significance	Benign	1
Missense	c.2584A>G	p.Lys862Glu	1 - Not pathogenic or of no clinical significance	Benign	1
Missense	c.2596C>T	p.Arg866Cys	1 - Not pathogenic or of no clinical significance	Benign	1
Missense	c.2612C>T	p.Pro871Leu	1 - Not pathogenic or of no clinical significance	Benign	1
Missense	c.2669G>T	p.Gly890Val	1 - Not pathogenic or of no clinical significance	Benign	1
Missense	c.2759T>C	p.Val920Ala	2 - Likely not pathogenic or of little clinical significance	Likely benign	2
Missense	c.2773A>C	p.Ile925Leu	1 - Not pathogenic or of no clinical significance	Benign	1
Missense	c.3022A>G	p.Met1008Val	1 - Not pathogenic or of no clinical significance	Benign	1
Missense	c.3024G>A	p.Met1008Ile	1 - Not pathogenic or of no clinical significance	Benign	1
Missense	c.3083G>A	p.Arg1028His	1 - Not pathogenic or of no clinical significance	Benign	1
Missense	c.3113A>G	p.Glu1038Gly	1 - Not pathogenic or of no clinical significance	Benign	1
Missense	c.3119G>A	p.Ser1040Asn	1 - Not pathogenic or of no clinical significance	Benign	1
Missense	c.3130A>G	p.Ile1044Val	1 - Not pathogenic or of no clinical significance	Benign	1
Missense	c.3296C>T	p.Pro1099Leu	1 - Not pathogenic or of no clinical significance	Benign	1
Missense	c.3302G>A	p.Ser1101Asn	1 - Not pathogenic or of no clinical significance	Benign	1
Missense	c.3327A>C	p.Lys1109Asn	1 - Not pathogenic or of no clinical significance	Benign	1
Missense	c.3418A>G	p.Ser1140Gly	1 - Not pathogenic or of no clinical significance	Benign	1
Missense	c.3463G>C	p.Asp1155His	1 - Not pathogenic or of no clinical significance	Benign	1
Missense	c.3548A>G	p.Lys1183Arg	1 - Not pathogenic or of no clinical significance	Benign	1
Missense	c.3600G>C	p.Gln1200His	2 - Likely not pathogenic or of little clinical significance	Likely benign	2
Missense	c.3608G>A	p.Arg1203Gln	1 - Not pathogenic or of no clinical significance	Benign	1
Missense	c.3640G>A	p.Tyr1214Lys	1 - Not pathogenic or of no clinical significance	Benign	1
Missense	c.3708T>G	p.Asn1236Lys	3 - Uncertain	Uncertain significance	3
Missense	c.3713C>T	p.Pro1238Lue	1 - Not pathogenic or of no clinical significance	Benign	1
Missense	c.3739G>A	p.Val1247Ile	1 - Not pathogenic or of no clinical significance	Benign	1
Missense	c.3748G>A	p.Glu1250Lys	1 - Not pathogenic or of no clinical significance	Benign	1
Missense	c.3797G>C	p.Ser1266Thr	1 - Not pathogenic or of no clinical significance	Benign	1
Missense	c.3823A>G	p.Ile1275Val	1 - Not pathogenic or of no clinical significance	Benign	1
Missense	c.3929C>A	p.Thr1310Lys	3 - Uncertain	Uncertain significance	3
Missense	c.4039A>G	p.Arg1347Gly	1 - Not pathogenic or of no clinical significance	Benign	1
Missense	c.4046C>T	p.Thr1349Met	1 - Not pathogenic or of no clinical significance	Benign	1
Missense	c.4081A>C	p.Met1361Leu	1 - Not pathogenic or of no clinical significance	Benign	1
Missense	c.4204C>T	p.His1402Tyr	1 - Not pathogenic or of no clinical significance	Benign	1
Missense	c.4255G>C	p.Glu1419Gln	1 - Not pathogenic or of no clinical significance	Benign	1
Missense	c.4402A>C	p.Asn1468His	1 - Not pathogenic or of no clinical significance	Benign	1
Missense	c.4535G>T	p.Ser1512Ile	1 - Not pathogenic or of no clinical significance	Benign	1
Missense	c.4600G>A	p.Val1534Met	1 - Not pathogenic or of no clinical significance	Benign	1
Missense	c.4636G>A	p.Asp1546Asn	1 - Not pathogenic or of no clinical significance	Benign	1
Missense	c.4636G>T	p.Asp1546Tyr	1 - Not pathogenic or of no clinical significance	Benign	1
Missense	c.4691T>C	p.Leu1564Pro	1 - Not pathogenic or of no clinical significance	Benign	1
Missense	c.4837A>G	p.Ser1613Gly	1 - Not pathogenic or of no clinical significance	Benign	1
Missense	c.4840C>T	p.Pro1614Ser	1 - Not pathogenic or of no clinical significance	Benign	1
Missense	c.4868C>G	p.Ala1623Gly	5 - Definitely pathogenic	Pathogenic	5
Missense	c.4883T>C	p.Met1628Thr	1 - Not pathogenic or of no clinical significance	Benign	1
Missense	c.4910C>T	p.Pro1637Leu	1 - Not pathogenic or of no clinical significance	Benign	1
Missense	c.4955T>C	p.Met1652Thr	1 - Not pathogenic or of no clinical significance	Benign	1
Missense	c.4956G>A	p.Met1652Ile	1 - Not pathogenic or of no clinical significance	Benign	1
Missense	c.4985T>C	p.Phe1662Ser	1 - Not pathogenic or of no clinical significance	Benign	1
Missense	c.4991T>C	p.Leu1664Pro	1 - Not pathogenic or of no clinical significance	Benign	1
Missense	c.5044G>A	p.Glu1682Lys	1 - Not pathogenic or of no clinical significance	Benign	1
Missense	c.5053A>G	p.Thr1685Ala	5 - Definitely pathogenic	Pathogenic	5
Missense	c.5054C>T	p.Thr1685Ile	5 - Definitely pathogenic	Pathogenic	5
Missense	c.5066T>G	p.Met1689Arg	4 - Likely pathogenic	Likely pathogenic	4
Missense	c.5095C>T	p.Arg1699Trp	5 - Definitely pathogenic	Pathogenic	5
Missense	c.5117G>A	p.Gly1706Glu	5 - Definitely pathogenic	Pathogenic	5
Missense	c.5117G>C	p.Gly706Ala	1 - Not pathogenic or of no clinical significance	Benign	1
Missense	c.5123C>A	p.Ala1708Glu	5 - Definitely pathogenic	Pathogenic	5
Missense	c.5123C>T	p.Ala1708Val	3 - Uncertain	Uncertain significance	3
Missense	c.5143A>C	p.Ser1715Arg	5 - Definitely pathogenic	Pathogenic	5
Missense	c.5158A>G	p.Thr1720Ala	1 - Not pathogenic or of no clinical significance	Benign	1
Missense	c.5207T>C	p.Val1736Ala	5 - Definitely pathogenic	Pathogenic	5
Missense	c.5212G>A	p.Gly1738Arg	5 - Definitely pathogenic	Pathogenic	5
Missense	c.5252G>A	p.Arg1751Gln	1 - Not pathogenic or of no clinical significance	Benign	1
Missense	c.5291T>C	p.Leu1764Pro	5 - Definitely pathogenic	Pathogenic	5
Missense	c.5297T>G	p.Ile1766Ser	5 - Definitely pathogenic	Pathogenic	5
Missense	c.5324T>A	p.Met1775Lys	5 - Definitely pathogenic	Pathogenic	5
Missense	c.5324T>G	p.Met1775Arg	5 - Definitely pathogenic	Pathogenic	5
Missense	c.5327C>A	p.Pro1776His	2 - Likely not pathogenic or of little clinical significance	Likely benign	2
Missense	c.5333A>G	p.Asp1778Gly	2 - Likely not pathogenic or of little clinical significance	Likely benign	2
Missense	c.5359T>A	p.Cys1787Ser	5 - Definitely pathogenic	Pathogenic	5
Missense	c.5363G>T	p.Gly1788Val	5 - Definitely pathogenic	Pathogenic	5
Missense	c.5411T>A	p.Val1804Asp	1 - Not pathogenic or of no clinical significance	Benign	1
Missense	c.5513T>A	p.Val1838Glu	5 - Definitely pathogenic	Pathogenic	5
Missense	c.5572A>C	p.Ile1858Leu	1 - Not pathogenic or of no clinical significance	Benign	1
Missense	c.5576C>G	p.Pro1859Arg	1 - Not pathogenic or of no clinical significance	Benign	1